id,label,category,source_url,file,attribution,vibe,enabled,notes
giphy-rrkv2iIT4xRdhZJGkd,Meme 01,memes,https://media3.giphy.com/media/v1.Y2lkPTc5MGI3NjExZDFucG00cGkzcXcwbXJ3OGFsdzlmdzMxemFlZDFhN2luZmNnM3A5MCZlcD12MV9pbnRlcm5hbF9naWZfYnlfaWQmY3Q9cw/rrkv2iIT4xRdhZJGkd/giphy.gif,meme-01.gif,Giphy,funny,TRUE,Download GIF to public/memes/; rename file column
giphy-lHTJgttLitH3BKpEXr,Meme 02,memes,https://media.giphy.com/media/v1.Y2lkPTc5MGI3NjExdWtiemgytHozdThkbXByYmR6Nm13aDR5djdibXF5bnhlamViMmt4NiZlcD12MV9zdGlja2Vyc19zZWFyY2gmY3Q9cw/lHTJgttLitH3BKpEXr/giphy.gif,meme-02.gif,Giphy,funny,TRUE,
giphy-DH1Au7j1gCGxGOkvUm,Meme 03,memes,https://media.giphy.com/media/v1.Y2lkPTc5MGI3NjExenU1dzNub2Q1cW5lOGo0OHAyMHNpd2lkdmJwbTEzbWg1a2tjbjRueSZlcD12MV9zdGlja2Vyc19zZWFyY2gmY3Q9cw/DH1Au7j1gCGxGOkvUm/giphy.gif,meme-03.gif,Giphy,funny,TRUE,
giphy-FzO7hiXknGUi7UXGAg,Meme 04,memes,https://media.giphy.com/media/v1.Y2lkPWVjZjA1ZTQ3dGtpaDd5ajc1OW04NjVsMDlueng5ODNvaHdxYTQ3cDl3ZzRjMXFlcCZlcD12MV9zdGlja2Vyc19zZWFyY2gmY3Q9cw/FzO7hiXknGUi7UXGAg/giphy.gif,meme-04.gif,Giphy,funny,TRUE,
giphy-Xupjv4xIFnOUj1QvNM,Meme 05,memes,https://media.giphy.com/media/v1.Y2lkPWVjZjA1ZTQ3dTFrMjlxMmtkZTk5bHhvbG9hemVwbHNlMzd2cGV3ZmJqcHZteWF3dyZlcD12MV9zdGlja2Vyc19zZWFyY2gmY3Q9cw/Xupjv4xIFnOUj1QvNM/giphy.gif,meme-05.gif,Giphy,funny,TRUE,
giphy-WowowEBvkxnId1L08H,Meme 06,memes,https://media.giphy.com/media/v1.Y2lkPWVjZjA1ZTQ3cTdxbTIxMWkwNjc4aTdsMDlzcDJhM2llMmtxMWwzbDk2bGpteTlwcCZlcD12MV9zdGlja2Vyc19zZWFyY2gmY3Q9cw/WowowEBvkxnId1L08H/giphy.gif,meme-06.gif,Giphy,chaotic,TRUE,
giphy-GN1HZ3vrYUCseZ4cLg,Meme 07,memes,https://media.giphy.com/media/v1.Y2lkPWVjZjA1ZTQ3ZDRpZm8xcmN5M2J5cG1rMm9vdDZoZW9yajdubDR3cGNqbGttMzVxeCZlcD12MV9zdGlja2Vyc19zZWFyY2gmY3Q9cw/GN1HZ3vrYUCseZ4cLg/giphy.gif,meme-07.gif,Giphy,funny,TRUE,
giphy-aXPw3suOkxrBC,Meme 08,memes,https://media.giphy.com/media/v1.Y2lkPWVjZjA1ZTQ3OGNua3hicTJqYmUwYjdkbGs0bXRjeGF0NnNsd3R3OG94Zmgxd2p0OCZlcD12MV9zdGlja2Vyc19zZWFyY2gmY3Q9cw/aXPw3suOkxrBC/giphy.gif,meme-08.gif,Giphy,sweet,TRUE,
giphy-wlaQLJo9eFqUg,Meme 09,memes,https://media0.giphy.com/media/v1.Y2lkPTc5MGI3NjExazNsazhhOGcwdnk1amU3MG0xdmYwbnJia2ozYWk4aGk3YzJuZjdiMiZlcD12MV9pbnRlcm5hbF9naWZfYnlfaWQmY3Q9cw/wlaQLJo9eFqUg/giphy.gif,meme-09.gif,Giphy,funny,TRUE,
giphy-l4FGq1kJo9mPcSfBu,Meme 10,memes,https://media.giphy.com/media/v1.Y2lkPWVjZjA1ZTQ3dzlpZjRxamk4dzY1a2hkN3FsMmJobmk0aTdmZ2pocjJ1YWFucXIxOCZlcD12MV9zdGlja2Vyc19zZWFyY2gmY3Q9cw/l4FGq1kJo9mPcSfBu/giphy.gif,meme-10.gif,Giphy,funny,TRUE,
giphy-t8xgPfC5oNIRMrNooe,Meme 11,memes,https://media.giphy.com/media/v1.Y2lkPTc5MGI3NjExamR5Z2FhNHp0c3d3dTFkc3kydXkwM3g3dXpvcTd2ZmtlYnp3dHQ0byZlcD12MV9naWZzX3NlYXJjaCZjdD1n/t8xgPfC5oNIRMrNooe/giphy.gif,meme-11.gif,Giphy,funny,TRUE,
giphy-f0lR4lOcrGGaAVpxT8,Meme 12,memes,https://media.giphy.com/media/v1.Y2lkPWVjZjA1ZTQ3OTd6aGdvYWFydjJhaXBhbmQ1NnpsejV1ZGFnZ241aTdpdjhuZmZicSZlcD12MV9naWZzX3NlYXJjaCZjdD1n/f0lR4lOcrGGaAVpxT8/giphy.gif,meme-12.gif,Giphy,sweet,TRUE,
giphy-3oriO6qJiXajN0TyDu,Meme 13,memes,https://media.giphy.com/media/v1.Y2lkPWVjZjA1ZTQ3NGZwZHI3cHVwM3hjdnloZmlxeXIyaHpheXlla2Z5eXlyenBqNzZoaSZlcD12MV9naWZzX3NlYXJjaCZjdD1n/3oriO6qJiXajN0TyDu/giphy.gif,meme-13.gif,Giphy,chaotic,TRUE,
giphy-VJ6WPmLgC8pyHNbWlm,Meme 14,memes,https://media.giphy.com/media/v1.Y2lkPWVjZjA1ZTQ3eWk2ZGJ1eGF6czU2dnJuMHY2eHNhOW9jbmlxYWlqMDk4cndhN2RjYyZlcD12MV9naWZzX3NlYXJjaCZjdD1n/VJ6WPmLgC8pyHNbWlm/giphy.gif,meme-14.gif,Giphy,funny,TRUE,
giphy-zDKITYPKtGidxhHabm,Meme 15,memes,https://media.giphy.com/media/v1.Y2lkPWVjZjA1ZTQ3eHFnYnVkOXVlcW8zYmwzc2RieXl0dmlwdGx6cDA4cW05ZzRhN2tyYSZlcD12MV9naWZzX3NlYXJjaCZjdD1n/zDKITYPKtGidxhHabm/giphy.gif,meme-15.gif,Giphy,funny,TRUE,
giphy-ZOln4JxCoZay4,Meme 16,memes,https://media.giphy.com/media/v1.Y2lkPWVjZjA1ZTQ3MHl4cjdidnAzMXhhYTBkNm1hbWo3ZTE5eTg3N3E1MGxwaDZlcjJ5MyZlcD12MV9naWZzX3NlYXJjaCZjdD1n/ZOln4JxCoZay4/giphy.gif,meme-16.gif,Giphy,funny,TRUE,
